{
  "numTargets": 2,
  "pattern": "random",
  "targets": [
    {
      "id": 0,
      "x": -120,
      "y": 893,
      "speed": 496.87093376656316,
      "vx": 0,
      "vy": 0,
      "angle": 0,
      "originX": 0,
      "originY": 0
    },
    {
      "id": 1,
      "x": -1128.7806622411526,
      "y": -1651.0161163811895,
      "speed": 439.93618135767406,
      "vx": 0,
      "vy": 0,
      "angle": 0,
      "originX": 0,
      "originY": 0
    }
  ]
}